year,month,index,date,val,,Average of val,Column Labels,,,,,
1980,1,sst_ccc,1980.083333,12.975,,Row Labels,sst_ccc,sst_ncc,Grand Total,,,
1980,2,sst_ccc,1980.166667,13.057,,1980,13.84808333,12.58141667,13.21475,,,
1980,3,sst_ccc,1980.25,13.335,,1981,13.47808333,12.89566667,13.186875,,,
1980,4,sst_ccc,1980.333333,12.69,,1982,13.21925,12.067025,12.6431375,,,
1980,5,sst_ccc,1980.416667,12.319,,1983,14.42641667,13.09333333,13.759875,,,
1980,6,sst_ccc,1980.5,13.558,,1984,13.44133333,12.38016667,12.91075,,,
1980,7,sst_ccc,1980.583333,15.729,,1985,12.66741667,11.38134167,12.02437917,,,
1980,8,sst_ccc,1980.666667,14.631,,1986,13.2875,11.88413333,12.58581667,,,
1980,9,sst_ccc,1980.75,15.132,,1987,13.43225,12.144,12.788125,,,
1980,10,sst_ccc,1980.833333,14.892,,1988,12.708,11.61309167,12.16054583,,,
1980,11,sst_ccc,1980.916667,14.356,,1989,12.81375,11.77845,12.2961,,,
1980,12,sst_ccc,1981,13.503,,1990,13.27833333,12.20335,12.74084167,,,
1981,1,sst_ccc,1981.083333,14.124,,1991,12.55133333,11.46955,12.01044167,,,
1981,2,sst_ccc,1981.166667,13.415,,1992,14.28833333,12.76866667,13.5285,,,
1981,3,sst_ccc,1981.25,12.93,,1993,13.761,12.27325,13.017125,,,
1981,4,sst_ccc,1981.333333,11.818,,1994,13.29066667,12.56294167,12.92680417,,,
1981,5,sst_ccc,1981.416667,12.002,,1995,13.86275,12.88958333,13.37616667,,,
1981,6,sst_ccc,1981.5,13.395,,1996,13.304,12.47808333,12.89104167,,,
1981,7,sst_ccc,1981.583333,13.47,,1997,14.37041667,13.54133333,13.955875,Year,ccc,ncc
1981,8,sst_ccc,1981.666667,14.866,,1998,13.80108333,12.7715,13.28629167,1998,13.80108333,12.7715
1981,9,sst_ccc,1981.75,13.891,,1999,12.52875,11.67580833,12.10227917,1999,12.52875,11.67580833
1981,10,sst_ccc,1981.833333,14.302,,2000,12.98816667,11.97641667,12.48229167,2000,12.98816667,11.97641667
1981,11,sst_ccc,1981.916667,14.356,,2001,12.66516667,11.561175,12.11317083,2001,12.66516667,11.561175
1981,12,sst_ccc,1982,13.168,,2002,12.57975,11.52750833,12.05362917,2002,12.57975,11.52750833
1982,1,sst_ccc,1982.083333,11.853,,2003,13.44608333,12.48833333,12.96720833,2003,13.44608333,12.48833333
1982,2,sst_ccc,1982.166667,12.04,,2004,13.23633333,12.63341667,12.934875,2004,13.23633333,12.63341667
1982,3,sst_ccc,1982.25,12.225,,2005,13.23475,12.12133333,12.67804167,2005,13.23475,12.12133333
1982,4,sst_ccc,1982.333333,12.365,,2006,13.11933333,11.71978333,12.41955833,2006,13.11933333,11.71978333
1982,5,sst_ccc,1982.416667,11.245,,2007,12.64066667,11.74745,12.19405833,2007,12.64066667,11.74745
1982,6,sst_ccc,1982.5,12.713,,2008,12.25291667,11.02425833,11.6385875,2008,12.25291667,11.02425833
1982,7,sst_ccc,1982.583333,13.551,,2009,12.62466667,11.48115,12.05290833,2009,12.62466667,11.48115
1982,8,sst_ccc,1982.666667,14.211,,2010,12.59808333,11.60283333,12.10045833,2010,12.59808333,11.60283333
1982,9,sst_ccc,1982.75,14.983,,2011,12.50725,11.7526,12.129925,2011,12.50725,11.7526
1982,10,sst_ccc,1982.833333,15.019,,2012,12.55858333,11.56915833,12.06387083,2012,12.55858333,11.56915833
1982,11,sst_ccc,1982.916667,15.028,,2013,12.71258333,11.91305,12.31281667,2013,12.71258333,11.91305
1982,12,sst_ccc,1983,13.398,,2014,14.25091667,12.842425,13.54667083,2014,14.25091667,12.842425
1983,1,sst_ccc,1983.083333,13.317,,2015,14.58825,13.29691667,13.94258333,2015,14.58825,13.29691667
1983,2,sst_ccc,1983.166667,13.608,,2016,13.73441667,12.999,13.36670833,2016,13.73441667,12.999
1983,3,sst_ccc,1983.25,13.476,,2017,13.49675,12.29808333,12.89741667,2017,13.49675,12.29808333
1983,4,sst_ccc,1983.333333,12.681,,2018,13.42166667,12.36424167,12.89295417,2018,13.42166667,12.36424167
1983,5,sst_ccc,1983.416667,13.019,,2019,12.84271429,11.81871429,12.33071429,2019,12.84271429,11.81871429
1983,6,sst_ccc,1983.5,13.315,,Grand Total,13.25069474,12.183564,12.71712937,,,
1983,7,sst_ccc,1983.583333,14.777,,,,,,,,
1983,8,sst_ccc,1983.666667,16.452,,,,,,,,
1983,9,sst_ccc,1983.75,16.855,,,,,,,,
1983,10,sst_ccc,1983.833333,16.634,,,,,,,,
1983,11,sst_ccc,1983.916667,15.595,,,,,,,,
1983,12,sst_ccc,1984,13.388,,,,,,,,
1984,1,sst_ccc,1984.083333,12.887,,,,,,,,
1984,2,sst_ccc,1984.166667,12.512,,,,,,,,
1984,3,sst_ccc,1984.25,12.481,,,,,,,,
1984,4,sst_ccc,1984.333333,11.538,,,,,,,,
1984,5,sst_ccc,1984.416667,12.062,,,,,,,,
1984,6,sst_ccc,1984.5,12.515,,,,,,,,
1984,7,sst_ccc,1984.583333,14.307,,,,,,,,
1984,8,sst_ccc,1984.666667,15.527,,,,,,,,
1984,9,sst_ccc,1984.75,16.189,,,,,,,,
1984,10,sst_ccc,1984.833333,14.797,,,,,,,,
1984,11,sst_ccc,1984.916667,13.708,,,,,,,,
1984,12,sst_ccc,1985,12.773,,,,,,,,
1985,1,sst_ccc,1985.083333,12.463,,,,,,,,
1985,2,sst_ccc,1985.166667,11.469,,,,,,,,
1985,3,sst_ccc,1985.25,10.59,,,,,,,,
1985,4,sst_ccc,1985.333333,11.199,,,,,,,,
1985,5,sst_ccc,1985.416667,11.663,,,,,,,,
1985,6,sst_ccc,1985.5,13.061,,,,,,,,
1985,7,sst_ccc,1985.583333,13.447,,,,,,,,
1985,8,sst_ccc,1985.666667,14.665,,,,,,,,
1985,9,sst_ccc,1985.75,15.168,,,,,,,,
1985,10,sst_ccc,1985.833333,14.169,,,,,,,,
1985,11,sst_ccc,1985.916667,12.103,,,,,,,,
1985,12,sst_ccc,1986,12.012,,,,,,,,
1986,1,sst_ccc,1986.083333,12.603,,,,,,,,
1986,2,sst_ccc,1986.166667,12.659,,,,,,,,
1986,3,sst_ccc,1986.25,12.993,,,,,,,,
1986,4,sst_ccc,1986.333333,12.091,,,,,,,,
1986,5,sst_ccc,1986.416667,11.897,,,,,,,,
1986,6,sst_ccc,1986.5,13.395,,,,,,,,
1986,7,sst_ccc,1986.583333,13.397,,,,,,,,
1986,8,sst_ccc,1986.666667,13.697,,,,,,,,
1986,9,sst_ccc,1986.75,14.61,,,,,,,,
1986,10,sst_ccc,1986.833333,14.463,,,,,,,,
1986,11,sst_ccc,1986.916667,13.898,,,,,,,,
1986,12,sst_ccc,1987,13.747,,,,,,,,
1987,1,sst_ccc,1987.083333,12.901,,,,,,,,
1987,2,sst_ccc,1987.166667,12.602,,,,,,,,
1987,3,sst_ccc,1987.25,12.254,,,,,,,,
1987,4,sst_ccc,1987.333333,11.951,,,,,,,,
1987,5,sst_ccc,1987.416667,12.452,,,,,,,,
1987,6,sst_ccc,1987.5,12.804,,,,,,,,
1987,7,sst_ccc,1987.583333,14.076,,,,,,,,
1987,8,sst_ccc,1987.666667,14.56,,,,,,,,
1987,9,sst_ccc,1987.75,14.964,,,,,,,,
1987,10,sst_ccc,1987.833333,15.182,,,,,,,,
1987,11,sst_ccc,1987.916667,14.582,,,,,,,,
1987,12,sst_ccc,1988,12.859,,,,,,,,
1988,1,sst_ccc,1988.083333,11.829,,,,,,,,
1988,2,sst_ccc,1988.166667,11.825,,,,,,,,
1988,3,sst_ccc,1988.25,11.756,,,,,,,,
1988,4,sst_ccc,1988.333333,11.985,,,,,,,,
1988,5,sst_ccc,1988.416667,12.264,,,,,,,,
1988,6,sst_ccc,1988.5,13.1,,,,,,,,
1988,7,sst_ccc,1988.583333,13.037,,,,,,,,
1988,8,sst_ccc,1988.666667,14.413,,,,,,,,
1988,9,sst_ccc,1988.75,13.627,,,,,,,,
1988,10,sst_ccc,1988.833333,13.596,,,,,,,,
1988,11,sst_ccc,1988.916667,13.107,,,,,,,,
1988,12,sst_ccc,1989,11.957,,,,,,,,
1989,1,sst_ccc,1989.083333,10.888,,,,,,,,
1989,2,sst_ccc,1989.166667,10.595,,,,,,,,
1989,3,sst_ccc,1989.25,11.109,,,,,,,,
1989,4,sst_ccc,1989.333333,12.376,,,,,,,,
1989,5,sst_ccc,1989.416667,12.391,,,,,,,,
1989,6,sst_ccc,1989.5,12.681,,,,,,,,
1989,7,sst_ccc,1989.583333,13.244,,,,,,,,
1989,8,sst_ccc,1989.666667,13.802,,,,,,,,
1989,9,sst_ccc,1989.75,14.514,,,,,,,,
1989,10,sst_ccc,1989.833333,14.427,,,,,,,,
1989,11,sst_ccc,1989.916667,14.064,,,,,,,,
1989,12,sst_ccc,1990,13.674,,,,,,,,
1990,1,sst_ccc,1990.083333,12.256,,,,,,,,
1990,2,sst_ccc,1990.166667,11.173,,,,,,,,
1990,3,sst_ccc,1990.25,11.086,,,,,,,,
1990,4,sst_ccc,1990.333333,12.031,,,,,,,,
1990,5,sst_ccc,1990.416667,11.905,,,,,,,,
1990,6,sst_ccc,1990.5,13.483,,,,,,,,
1990,7,sst_ccc,1990.583333,14.882,,,,,,,,
1990,8,sst_ccc,1990.666667,15.54,,,,,,,,
1990,9,sst_ccc,1990.75,16.53,,,,,,,,
1990,10,sst_ccc,1990.833333,14.608,,,,,,,,
1990,11,sst_ccc,1990.916667,13.673,,,,,,,,
1990,12,sst_ccc,1991,12.173,,,,,,,,
1991,1,sst_ccc,1991.083333,11.515,,,,,,,,
1991,2,sst_ccc,1991.166667,11.534,,,,,,,,
1991,3,sst_ccc,1991.25,11.471,,,,,,,,
1991,4,sst_ccc,1991.333333,10.875,,,,,,,,
1991,5,sst_ccc,1991.416667,10.786,,,,,,,,
1991,6,sst_ccc,1991.5,11.569,,,,,,,,
1991,7,sst_ccc,1991.583333,13.257,,,,,,,,
1991,8,sst_ccc,1991.666667,14.744,,,,,,,,
1991,9,sst_ccc,1991.75,14.774,,,,,,,,
1991,10,sst_ccc,1991.833333,14.647,,,,,,,,
1991,11,sst_ccc,1991.916667,13.224,,,,,,,,
1991,12,sst_ccc,1992,12.22,,,,,,,,
1992,1,sst_ccc,1992.083333,12.37,,,,,,,,
1992,2,sst_ccc,1992.166667,13.191,,,,,,,,
1992,3,sst_ccc,1992.25,13.608,,,,,,,,
1992,4,sst_ccc,1992.333333,14.082,,,,,,,,
1992,5,sst_ccc,1992.416667,14.03,,,,,,,,
1992,6,sst_ccc,1992.5,14.243,,,,,,,,
1992,7,sst_ccc,1992.583333,15.534,,,,,,,,
1992,8,sst_ccc,1992.666667,15.003,,,,,,,,
1992,9,sst_ccc,1992.75,15.269,,,,,,,,
1992,10,sst_ccc,1992.833333,15.84,,,,,,,,
1992,11,sst_ccc,1992.916667,14.85,,,,,,,,
1992,12,sst_ccc,1993,13.44,,,,,,,,
1993,1,sst_ccc,1993.083333,12.433,,,,,,,,
1993,2,sst_ccc,1993.166667,12.883,,,,,,,,
1993,3,sst_ccc,1993.25,13.008,,,,,,,,
1993,4,sst_ccc,1993.333333,12.764,,,,,,,,
1993,5,sst_ccc,1993.416667,13.506,,,,,,,,
1993,6,sst_ccc,1993.5,14.225,,,,,,,,
1993,7,sst_ccc,1993.583333,13.959,,,,,,,,
1993,8,sst_ccc,1993.666667,15.2,,,,,,,,
1993,9,sst_ccc,1993.75,14.608,,,,,,,,
1993,10,sst_ccc,1993.833333,15.08,,,,,,,,
1993,11,sst_ccc,1993.916667,14.314,,,,,,,,
1993,12,sst_ccc,1994,13.152,,,,,,,,
1994,1,sst_ccc,1994.083333,13.187,,,,,,,,
1994,2,sst_ccc,1994.166667,12.56,,,,,,,,
1994,3,sst_ccc,1994.25,12.872,,,,,,,,
1994,4,sst_ccc,1994.333333,12.127,,,,,,,,
1994,5,sst_ccc,1994.416667,12.501,,,,,,,,
1994,6,sst_ccc,1994.5,12.961,,,,,,,,
1994,7,sst_ccc,1994.583333,13.236,,,,,,,,
1994,8,sst_ccc,1994.666667,14.932,,,,,,,,
1994,9,sst_ccc,1994.75,15.668,,,,,,,,
1994,10,sst_ccc,1994.833333,14.458,,,,,,,,
1994,11,sst_ccc,1994.916667,12.722,,,,,,,,
1994,12,sst_ccc,1995,12.264,,,,,,,,
1995,1,sst_ccc,1995.083333,12.205,,,,,,,,
1995,2,sst_ccc,1995.166667,13.024,,,,,,,,
1995,3,sst_ccc,1995.25,12.931,,,,,,,,
1995,4,sst_ccc,1995.333333,12.289,,,,,,,,
1995,5,sst_ccc,1995.416667,12.585,,,,,,,,
1995,6,sst_ccc,1995.5,13.03,,,,,,,,
1995,7,sst_ccc,1995.583333,15.328,,,,,,,,
1995,8,sst_ccc,1995.666667,15.245,,,,,,,,
1995,9,sst_ccc,1995.75,16.46,,,,,,,,
1995,10,sst_ccc,1995.833333,15.4,,,,,,,,
1995,11,sst_ccc,1995.916667,13.917,,,,,,,,
1995,12,sst_ccc,1996,13.939,,,,,,,,
1996,1,sst_ccc,1996.083333,13.297,,,,,,,,
1996,2,sst_ccc,1996.166667,13.369,,,,,,,,
1996,3,sst_ccc,1996.25,13.034,,,,,,,,
1996,4,sst_ccc,1996.333333,12.675,,,,,,,,
1996,5,sst_ccc,1996.416667,12.555,,,,,,,,
1996,6,sst_ccc,1996.5,12.249,,,,,,,,
1996,7,sst_ccc,1996.583333,13.367,,,,,,,,
1996,8,sst_ccc,1996.666667,14.061,,,,,,,,
1996,9,sst_ccc,1996.75,14.548,,,,,,,,
1996,10,sst_ccc,1996.833333,14.317,,,,,,,,
1996,11,sst_ccc,1996.916667,13.294,,,,,,,,
1996,12,sst_ccc,1997,12.882,,,,,,,,
1997,1,sst_ccc,1997.083333,12.664,,,,,,,,
1997,2,sst_ccc,1997.166667,12.271,,,,,,,,
1997,3,sst_ccc,1997.25,11.649,,,,,,,,
1997,4,sst_ccc,1997.333333,11.821,,,,,,,,
1997,5,sst_ccc,1997.416667,14.204,,,,,,,,
1997,6,sst_ccc,1997.5,13.965,,,,,,,,
1997,7,sst_ccc,1997.583333,14.194,,,,,,,,
1997,8,sst_ccc,1997.666667,16.541,,,,,,,,
1997,9,sst_ccc,1997.75,17.586,,,,,,,,
1997,10,sst_ccc,1997.833333,16.085,,,,,,,,
1997,11,sst_ccc,1997.916667,16.243,,,,,,,,
1997,12,sst_ccc,1998,15.222,,,,,,,,
1998,1,sst_ccc,1998.083333,14.297,,,,,,,,
1998,2,sst_ccc,1998.166667,13.654,,,,,,,,
1998,3,sst_ccc,1998.25,13.223,,,,,,,,
1998,4,sst_ccc,1998.333333,12.387,,,,,,,,
1998,5,sst_ccc,1998.416667,13.262,,,,,,,,
1998,6,sst_ccc,1998.5,14.121,,,,,,,,
1998,7,sst_ccc,1998.583333,14.237,,,,,,,,
1998,8,sst_ccc,1998.666667,15.069,,,,,,,,
1998,9,sst_ccc,1998.75,15.246,,,,,,,,
1998,10,sst_ccc,1998.833333,14.519,,,,,,,,
1998,11,sst_ccc,1998.916667,13.47,,,,,,,,
1998,12,sst_ccc,1999,12.128,,,,,,,,
1999,1,sst_ccc,1999.083333,11.568,,,,,,,,
1999,2,sst_ccc,1999.166667,11.137,,,,,,,,
1999,3,sst_ccc,1999.25,10.997,,,,,,,,
1999,4,sst_ccc,1999.333333,10.755,,,,,,,,
1999,5,sst_ccc,1999.416667,10.798,,,,,,,,
1999,6,sst_ccc,1999.5,11.914,,,,,,,,
1999,7,sst_ccc,1999.583333,13.47,,,,,,,,
1999,8,sst_ccc,1999.666667,14.874,,,,,,,,
1999,9,sst_ccc,1999.75,14.714,,,,,,,,
1999,10,sst_ccc,1999.833333,14.173,,,,,,,,
1999,11,sst_ccc,1999.916667,13.632,,,,,,,,
1999,12,sst_ccc,2000,12.313,,,,,,,,
2000,1,sst_ccc,2000.083333,11.703,,,,,,,,
2000,2,sst_ccc,2000.166667,12.231,,,,,,,,
2000,3,sst_ccc,2000.25,11.523,,,,,,,,
2000,4,sst_ccc,2000.333333,12.032,,,,,,,,
2000,5,sst_ccc,2000.416667,12.597,,,,,,,,
2000,6,sst_ccc,2000.5,12.999,,,,,,,,
2000,7,sst_ccc,2000.583333,13.669,,,,,,,,
2000,8,sst_ccc,2000.666667,14.098,,,,,,,,
2000,9,sst_ccc,2000.75,15.172,,,,,,,,
2000,10,sst_ccc,2000.833333,14.309,,,,,,,,
2000,11,sst_ccc,2000.916667,12.784,,,,,,,,
2000,12,sst_ccc,2001,12.741,,,,,,,,
2001,1,sst_ccc,2001.083333,12.03,,,,,,,,
2001,2,sst_ccc,2001.166667,11.157,,,,,,,,
2001,3,sst_ccc,2001.25,11.52,,,,,,,,
2001,4,sst_ccc,2001.333333,10.894,,,,,,,,
2001,5,sst_ccc,2001.416667,11.934,,,,,,,,
2001,6,sst_ccc,2001.5,12.685,,,,,,,,
2001,7,sst_ccc,2001.583333,13.761,,,,,,,,
2001,8,sst_ccc,2001.666667,14.174,,,,,,,,
2001,9,sst_ccc,2001.75,14.515,,,,,,,,
2001,10,sst_ccc,2001.833333,13.82,,,,,,,,
2001,11,sst_ccc,2001.916667,13.461,,,,,,,,
2001,12,sst_ccc,2002,12.031,,,,,,,,
2002,1,sst_ccc,2002.083333,11.555,,,,,,,,
2002,2,sst_ccc,2002.166667,11.29,,,,,,,,
2002,3,sst_ccc,2002.25,11.407,,,,,,,,
2002,4,sst_ccc,2002.333333,11.318,,,,,,,,
2002,5,sst_ccc,2002.416667,11.113,,,,,,,,
2002,6,sst_ccc,2002.5,12.028,,,,,,,,
2002,7,sst_ccc,2002.583333,13.719,,,,,,,,
2002,8,sst_ccc,2002.666667,13.981,,,,,,,,
2002,9,sst_ccc,2002.75,14.233,,,,,,,,
2002,10,sst_ccc,2002.833333,13.628,,,,,,,,
2002,11,sst_ccc,2002.916667,13.347,,,,,,,,
2002,12,sst_ccc,2003,13.338,,,,,,,,
2003,1,sst_ccc,2003.083333,13.325,,,,,,,,
2003,2,sst_ccc,2003.166667,12.921,,,,,,,,
2003,3,sst_ccc,2003.25,12.311,,,,,,,,
2003,4,sst_ccc,2003.333333,12.183,,,,,,,,
2003,5,sst_ccc,2003.416667,12.121,,,,,,,,
2003,6,sst_ccc,2003.5,12.835,,,,,,,,
2003,7,sst_ccc,2003.583333,13.976,,,,,,,,
2003,8,sst_ccc,2003.666667,16.034,,,,,,,,
2003,9,sst_ccc,2003.75,15.573,,,,,,,,
2003,10,sst_ccc,2003.833333,14.019,,,,,,,,
2003,11,sst_ccc,2003.916667,13.286,,,,,,,,
2003,12,sst_ccc,2004,12.769,,,,,,,,
2004,1,sst_ccc,2004.083333,12.253,,,,,,,,
2004,2,sst_ccc,2004.166667,11.914,,,,,,,,
2004,3,sst_ccc,2004.25,12.096,,,,,,,,
2004,4,sst_ccc,2004.333333,12.112,,,,,,,,
2004,5,sst_ccc,2004.416667,12.817,,,,,,,,
2004,6,sst_ccc,2004.5,12.945,,,,,,,,
2004,7,sst_ccc,2004.583333,14.121,,,,,,,,
2004,8,sst_ccc,2004.666667,14.936,,,,,,,,
2004,9,sst_ccc,2004.75,15.022,,,,,,,,
2004,10,sst_ccc,2004.833333,14.505,,,,,,,,
2004,11,sst_ccc,2004.916667,13.641,,,,,,,,
2004,12,sst_ccc,2005,12.474,,,,,,,,
2005,1,sst_ccc,2005.083333,12.522,,,,,,,,
2005,2,sst_ccc,2005.166667,12.859,,,,,,,,
2005,3,sst_ccc,2005.25,13.242,,,,,,,,
2005,4,sst_ccc,2005.333333,12.373,,,,,,,,
2005,5,sst_ccc,2005.416667,13.784,,,,,,,,
2005,6,sst_ccc,2005.5,13.041,,,,,,,,
2005,7,sst_ccc,2005.583333,13.518,,,,,,,,
2005,8,sst_ccc,2005.666667,13.726,,,,,,,,
2005,9,sst_ccc,2005.75,13.898,,,,,,,,
2005,10,sst_ccc,2005.833333,13.516,,,,,,,,
2005,11,sst_ccc,2005.916667,13.508,,,,,,,,
2005,12,sst_ccc,2006,12.83,,,,,,,,
2006,1,sst_ccc,2006.083333,12.695,,,,,,,,
2006,2,sst_ccc,2006.166667,12.334,,,,,,,,
2006,3,sst_ccc,2006.25,11.605,,,,,,,,
2006,4,sst_ccc,2006.333333,12.155,,,,,,,,
2006,5,sst_ccc,2006.416667,12.232,,,,,,,,
2006,6,sst_ccc,2006.5,13.149,,,,,,,,
2006,7,sst_ccc,2006.583333,13.961,,,,,,,,
2006,8,sst_ccc,2006.666667,14.451,,,,,,,,
2006,9,sst_ccc,2006.75,13.81,,,,,,,,
2006,10,sst_ccc,2006.833333,14.547,,,,,,,,
2006,11,sst_ccc,2006.916667,13.849,,,,,,,,
2006,12,sst_ccc,2007,12.644,,,,,,,,
2007,1,sst_ccc,2007.083333,11.474,,,,,,,,
2007,2,sst_ccc,2007.166667,11.602,,,,,,,,
2007,3,sst_ccc,2007.25,11.338,,,,,,,,
2007,4,sst_ccc,2007.333333,11.062,,,,,,,,
2007,5,sst_ccc,2007.416667,11.291,,,,,,,,
2007,6,sst_ccc,2007.5,12.251,,,,,,,,
2007,7,sst_ccc,2007.583333,14.179,,,,,,,,
2007,8,sst_ccc,2007.666667,15.049,,,,,,,,
2007,9,sst_ccc,2007.75,15.03,,,,,,,,
2007,10,sst_ccc,2007.833333,13.917,,,,,,,,
2007,11,sst_ccc,2007.916667,13.18,,,,,,,,
2007,12,sst_ccc,2008,11.315,,,,,,,,
2008,1,sst_ccc,2008.083333,10.958,,,,,,,,
2008,2,sst_ccc,2008.166667,10.854,,,,,,,,
2008,3,sst_ccc,2008.25,10.621,,,,,,,,
2008,4,sst_ccc,2008.333333,10.291,,,,,,,,
2008,5,sst_ccc,2008.416667,10.626,,,,,,,,
2008,6,sst_ccc,2008.5,11.77,,,,,,,,
2008,7,sst_ccc,2008.583333,13.649,,,,,,,,
2008,8,sst_ccc,2008.666667,14.235,,,,,,,,
2008,9,sst_ccc,2008.75,14.539,,,,,,,,
2008,10,sst_ccc,2008.833333,13.722,,,,,,,,
2008,11,sst_ccc,2008.916667,13.444,,,,,,,,
2008,12,sst_ccc,2009,12.326,,,,,,,,
2009,1,sst_ccc,2009.083333,11.512,,,,,,,,
2009,2,sst_ccc,2009.166667,11.272,,,,,,,,
2009,3,sst_ccc,2009.25,10.986,,,,,,,,
2009,4,sst_ccc,2009.333333,10.504,,,,,,,,
2009,5,sst_ccc,2009.416667,11.274,,,,,,,,
2009,6,sst_ccc,2009.5,13.488,,,,,,,,
2009,7,sst_ccc,2009.583333,13.892,,,,,,,,
2009,8,sst_ccc,2009.666667,14.755,,,,,,,,
2009,9,sst_ccc,2009.75,15.299,,,,,,,,
2009,10,sst_ccc,2009.833333,13.629,,,,,,,,
2009,11,sst_ccc,2009.916667,13.069,,,,,,,,
2009,12,sst_ccc,2010,11.816,,,,,,,,
2010,1,sst_ccc,2010.083333,12.322,,,,,,,,
2010,2,sst_ccc,2010.166667,12.308,,,,,,,,
2010,3,sst_ccc,2010.25,12.141,,,,,,,,
2010,4,sst_ccc,2010.333333,11.698,,,,,,,,
2010,5,sst_ccc,2010.416667,11.295,,,,,,,,
2010,6,sst_ccc,2010.5,12.098,,,,,,,,
2010,7,sst_ccc,2010.583333,13.101,,,,,,,,
2010,8,sst_ccc,2010.666667,13.499,,,,,,,,
2010,9,sst_ccc,2010.75,13.917,,,,,,,,
2010,10,sst_ccc,2010.833333,13.71,,,,,,,,
2010,11,sst_ccc,2010.916667,13.027,,,,,,,,
2010,12,sst_ccc,2011,12.061,,,,,,,,
2011,1,sst_ccc,2011.083333,11.641,,,,,,,,
2011,2,sst_ccc,2011.166667,11.268,,,,,,,,
2011,3,sst_ccc,2011.25,11.364,,,,,,,,
2011,4,sst_ccc,2011.333333,11.285,,,,,,,,
2011,5,sst_ccc,2011.416667,11.496,,,,,,,,
2011,6,sst_ccc,2011.5,12.226,,,,,,,,
2011,7,sst_ccc,2011.583333,13.107,,,,,,,,
2011,8,sst_ccc,2011.666667,13.92,,,,,,,,
2011,9,sst_ccc,2011.75,14.257,,,,,,,,
2011,10,sst_ccc,2011.833333,14.699,,,,,,,,
2011,11,sst_ccc,2011.916667,12.977,,,,,,,,
2011,12,sst_ccc,2012,11.847,,,,,,,,
2012,1,sst_ccc,2012.083333,11.521,,,,,,,,
2012,2,sst_ccc,2012.166667,11.113,,,,,,,,
2012,3,sst_ccc,2012.25,10.488,,,,,,,,
2012,4,sst_ccc,2012.333333,11.329,,,,,,,,
2012,5,sst_ccc,2012.416667,11.163,,,,,,,,
2012,6,sst_ccc,2012.5,11.961,,,,,,,,
2012,7,sst_ccc,2012.583333,13.187,,,,,,,,
2012,8,sst_ccc,2012.666667,13.656,,,,,,,,
2012,9,sst_ccc,2012.75,13.941,,,,,,,,
2012,10,sst_ccc,2012.833333,14.472,,,,,,,,
2012,11,sst_ccc,2012.916667,14.4,,,,,,,,
2012,12,sst_ccc,2013,13.472,,,,,,,,
2013,1,sst_ccc,2013.083333,11.795,,,,,,,,
2013,2,sst_ccc,2013.166667,10.988,,,,,,,,
2013,3,sst_ccc,2013.25,10.754,,,,,,,,
2013,4,sst_ccc,2013.333333,11.06,,,,,,,,
2013,5,sst_ccc,2013.416667,11.899,,,,,,,,
2013,6,sst_ccc,2013.5,12.746,,,,,,,,
2013,7,sst_ccc,2013.583333,13.806,,,,,,,,
2013,8,sst_ccc,2013.666667,14.515,,,,,,,,
2013,9,sst_ccc,2013.75,15.597,,,,,,,,
2013,10,sst_ccc,2013.833333,13.706,,,,,,,,
2013,11,sst_ccc,2013.916667,13.371,,,,,,,,
2013,12,sst_ccc,2014,12.314,,,,,,,,
2014,1,sst_ccc,2014.083333,12.473,,,,,,,,
2014,2,sst_ccc,2014.166667,12.22,,,,,,,,
2014,3,sst_ccc,2014.25,12.669,,,,,,,,
2014,4,sst_ccc,2014.333333,12.423,,,,,,,,
2014,5,sst_ccc,2014.416667,12.951,,,,,,,,
2014,6,sst_ccc,2014.5,12.859,,,,,,,,
2014,7,sst_ccc,2014.583333,14.941,,,,,,,,
2014,8,sst_ccc,2014.666667,15.874,,,,,,,,
2014,9,sst_ccc,2014.75,16.734,,,,,,,,
2014,10,sst_ccc,2014.833333,16.593,,,,,,,,
2014,11,sst_ccc,2014.916667,15.812,,,,,,,,
2014,12,sst_ccc,2015,15.462,,,,,,,,
2015,1,sst_ccc,2015.083333,14.126,,,,,,,,
2015,2,sst_ccc,2015.166667,14.075,,,,,,,,
2015,3,sst_ccc,2015.25,13.599,,,,,,,,
2015,4,sst_ccc,2015.333333,12.328,,,,,,,,
2015,5,sst_ccc,2015.416667,12.324,,,,,,,,
2015,6,sst_ccc,2015.5,13.595,,,,,,,,
2015,7,sst_ccc,2015.583333,15.924,,,,,,,,
2015,8,sst_ccc,2015.666667,16.924,,,,,,,,
2015,9,sst_ccc,2015.75,16.623,,,,,,,,
2015,10,sst_ccc,2015.833333,16.877,,,,,,,,
2015,11,sst_ccc,2015.916667,14.789,,,,,,,,
2015,12,sst_ccc,2016,13.875,,,,,,,,
2016,1,sst_ccc,2016.083333,13.169,,,,,,,,
2016,2,sst_ccc,2016.166667,13.241,,,,,,,,
2016,3,sst_ccc,2016.25,13.248,,,,,,,,
2016,4,sst_ccc,2016.333333,13.008,,,,,,,,
2016,5,sst_ccc,2016.416667,12.87,,,,,,,,
2016,6,sst_ccc,2016.5,13.439,,,,,,,,
2016,7,sst_ccc,2016.583333,13.574,,,,,,,,
2016,8,sst_ccc,2016.666667,14.474,,,,,,,,
2016,9,sst_ccc,2016.75,14.765,,,,,,,,
2016,10,sst_ccc,2016.833333,14.883,,,,,,,,
2016,11,sst_ccc,2016.916667,15.158,,,,,,,,
2016,12,sst_ccc,2017,12.984,,,,,,,,
2017,1,sst_ccc,2017.083333,12.204,,,,,,,,
2017,2,sst_ccc,2017.166667,12.531,,,,,,,,
2017,3,sst_ccc,2017.25,12.535,,,,,,,,
2017,4,sst_ccc,2017.333333,12.41,,,,,,,,
2017,5,sst_ccc,2017.416667,12.056,,,,,,,,
2017,6,sst_ccc,2017.5,13.104,,,,,,,,
2017,7,sst_ccc,2017.583333,13.568,,,,,,,,
2017,8,sst_ccc,2017.666667,15.13,,,,,,,,
2017,9,sst_ccc,2017.75,16.185,,,,,,,,
2017,10,sst_ccc,2017.833333,13.985,,,,,,,,
2017,11,sst_ccc,2017.916667,14.557,,,,,,,,
2017,12,sst_ccc,2018,13.696,,,,,,,,
2018,1,sst_ccc,2018.083333,13.195,,,,,,,,
2018,2,sst_ccc,2018.166667,12.429,,,,,,,,
2018,3,sst_ccc,2018.25,11.923,,,,,,,,
2018,4,sst_ccc,2018.333333,12.243,,,,,,,,
2018,5,sst_ccc,2018.416667,12.227,,,,,,,,
2018,6,sst_ccc,2018.5,12.533,,,,,,,,
2018,7,sst_ccc,2018.583333,14.098,,,,,,,,
2018,8,sst_ccc,2018.666667,14.482,,,,,,,,
2018,9,sst_ccc,2018.75,14.469,,,,,,,,
2018,10,sst_ccc,2018.833333,15.111,,,,,,,,
2018,11,sst_ccc,2018.916667,14.238,,,,,,,,
2018,12,sst_ccc,2019,14.112,,,,,,,,
2019,1,sst_ccc,2019.083333,13.018,,,,,,,,
2019,2,sst_ccc,2019.166667,12.704,,,,,,,,
2019,3,sst_ccc,2019.25,12.386,,,,,,,,
2019,4,sst_ccc,2019.333333,12.461,,,,,,,,
2019,5,sst_ccc,2019.416667,12.843,,,,,,,,
2019,6,sst_ccc,2019.5,12.98,,,,,,,,
2019,7,sst_ccc,2019.583333,13.507,,,,,,,,
1980,1,sst_ncc,1980.083333,10.673,,,,,,,,
1980,2,sst_ncc,1980.166667,10.583,,,,,,,,
1980,3,sst_ncc,1980.25,11.025,,,,,,,,
1980,4,sst_ncc,1980.333333,11.08,,,,,,,,
1980,5,sst_ncc,1980.416667,11.948,,,,,,,,
1980,6,sst_ncc,1980.5,13.749,,,,,,,,
1980,7,sst_ncc,1980.583333,14.883,,,,,,,,
1980,8,sst_ncc,1980.666667,12.957,,,,,,,,
1980,9,sst_ncc,1980.75,14.226,,,,,,,,
1980,10,sst_ncc,1980.833333,14.113,,,,,,,,
1980,11,sst_ncc,1980.916667,13.697,,,,,,,,
1980,12,sst_ncc,1981,12.043,,,,,,,,
1981,1,sst_ncc,1981.083333,12.403,,,,,,,,
1981,2,sst_ncc,1981.166667,11.847,,,,,,,,
1981,3,sst_ncc,1981.25,11.521,,,,,,,,
1981,4,sst_ncc,1981.333333,11.337,,,,,,,,
1981,5,sst_ncc,1981.416667,12.412,,,,,,,,
1981,6,sst_ncc,1981.5,14.471,,,,,,,,
1981,7,sst_ncc,1981.583333,13.684,,,,,,,,
1981,8,sst_ncc,1981.666667,14.797,,,,,,,,
1981,9,sst_ncc,1981.75,15.056,,,,,,,,
1981,10,sst_ncc,1981.833333,13.763,,,,,,,,
1981,11,sst_ncc,1981.916667,12.183,,,,,,,,
1981,12,sst_ncc,1982,11.274,,,,,,,,
1982,1,sst_ncc,1982.083333,9.8255,,,,,,,,
1982,2,sst_ncc,1982.166667,9.5868,,,,,,,,
1982,3,sst_ncc,1982.25,10.002,,,,,,,,
1982,4,sst_ncc,1982.333333,10.254,,,,,,,,
1982,5,sst_ncc,1982.416667,10.882,,,,,,,,
1982,6,sst_ncc,1982.5,11.946,,,,,,,,
1982,7,sst_ncc,1982.583333,14.487,,,,,,,,
1982,8,sst_ncc,1982.666667,15.335,,,,,,,,
1982,9,sst_ncc,1982.75,15.102,,,,,,,,
1982,10,sst_ncc,1982.833333,13.518,,,,,,,,
1982,11,sst_ncc,1982.916667,12.566,,,,,,,,
1982,12,sst_ncc,1983,11.3,,,,,,,,
1983,1,sst_ncc,1983.083333,11.12,,,,,,,,
1983,2,sst_ncc,1983.166667,11.098,,,,,,,,
1983,3,sst_ncc,1983.25,11.372,,,,,,,,
1983,4,sst_ncc,1983.333333,11.521,,,,,,,,
1983,5,sst_ncc,1983.416667,12.519,,,,,,,,
1983,6,sst_ncc,1983.5,14.239,,,,,,,,
1983,7,sst_ncc,1983.583333,16.076,,,,,,,,
1983,8,sst_ncc,1983.666667,16.601,,,,,,,,
1983,9,sst_ncc,1983.75,15.292,,,,,,,,
1983,10,sst_ncc,1983.833333,13.281,,,,,,,,
1983,11,sst_ncc,1983.916667,12.83,,,,,,,,
1983,12,sst_ncc,1984,11.171,,,,,,,,
1984,1,sst_ncc,1984.083333,10.466,,,,,,,,
1984,2,sst_ncc,1984.166667,10.025,,,,,,,,
1984,3,sst_ncc,1984.25,10.565,,,,,,,,
1984,4,sst_ncc,1984.333333,10.601,,,,,,,,
1984,5,sst_ncc,1984.416667,11.841,,,,,,,,
1984,6,sst_ncc,1984.5,12.847,,,,,,,,
1984,7,sst_ncc,1984.583333,13.768,,,,,,,,
1984,8,sst_ncc,1984.666667,15.929,,,,,,,,
1984,9,sst_ncc,1984.75,15.736,,,,,,,,
1984,10,sst_ncc,1984.833333,13.964,,,,,,,,
1984,11,sst_ncc,1984.916667,12.113,,,,,,,,
1984,12,sst_ncc,1985,10.707,,,,,,,,
1985,1,sst_ncc,1985.083333,10.184,,,,,,,,
1985,2,sst_ncc,1985.166667,9.116,,,,,,,,
1985,3,sst_ncc,1985.25,8.4854,,,,,,,,
1985,4,sst_ncc,1985.333333,9.7634,,,,,,,,
1985,5,sst_ncc,1985.416667,11.419,,,,,,,,
1985,6,sst_ncc,1985.5,12.852,,,,,,,,
1985,7,sst_ncc,1985.583333,13.686,,,,,,,,
1985,8,sst_ncc,1985.666667,14.702,,,,,,,,
1985,9,sst_ncc,1985.75,14.34,,,,,,,,
1985,10,sst_ncc,1985.833333,12.304,,,,,,,,
1985,11,sst_ncc,1985.916667,10.357,,,,,,,,
1985,12,sst_ncc,1986,9.3673,,,,,,,,
1986,1,sst_ncc,1986.083333,9.8126,,,,,,,,
1986,2,sst_ncc,1986.166667,10.161,,,,,,,,
1986,3,sst_ncc,1986.25,10.756,,,,,,,,
1986,4,sst_ncc,1986.333333,10.486,,,,,,,,
1986,5,sst_ncc,1986.416667,11.668,,,,,,,,
1986,6,sst_ncc,1986.5,13.706,,,,,,,,
1986,7,sst_ncc,1986.583333,14.105,,,,,,,,
1986,8,sst_ncc,1986.666667,12.979,,,,,,,,
1986,9,sst_ncc,1986.75,13.577,,,,,,,,
1986,10,sst_ncc,1986.833333,12.502,,,,,,,,
1986,11,sst_ncc,1986.916667,11.786,,,,,,,,
1986,12,sst_ncc,1987,11.071,,,,,,,,
1987,1,sst_ncc,1987.083333,10.598,,,,,,,,
1987,2,sst_ncc,1987.166667,10.412,,,,,,,,
1987,3,sst_ncc,1987.25,10.485,,,,,,,,
1987,4,sst_ncc,1987.333333,11.062,,,,,,,,
1987,5,sst_ncc,1987.416667,12.11,,,,,,,,
1987,6,sst_ncc,1987.5,12.69,,,,,,,,
1987,7,sst_ncc,1987.583333,14.102,,,,,,,,
1987,8,sst_ncc,1987.666667,13.438,,,,,,,,
1987,9,sst_ncc,1987.75,13.713,,,,,,,,
1987,10,sst_ncc,1987.833333,13.59,,,,,,,,
1987,11,sst_ncc,1987.916667,12.481,,,,,,,,
1987,12,sst_ncc,1988,11.047,,,,,,,,
1988,1,sst_ncc,1988.083333,9.9904,,,,,,,,
1988,2,sst_ncc,1988.166667,9.627,,,,,,,,
1988,3,sst_ncc,1988.25,9.6847,,,,,,,,
1988,4,sst_ncc,1988.333333,10.365,,,,,,,,
1988,5,sst_ncc,1988.416667,11.602,,,,,,,,
1988,6,sst_ncc,1988.5,13.39,,,,,,,,
1988,7,sst_ncc,1988.583333,13.699,,,,,,,,
1988,8,sst_ncc,1988.666667,12.923,,,,,,,,
1988,9,sst_ncc,1988.75,12.485,,,,,,,,
1988,10,sst_ncc,1988.833333,12.736,,,,,,,,
1988,11,sst_ncc,1988.916667,12.222,,,,,,,,
1988,12,sst_ncc,1989,10.633,,,,,,,,
1989,1,sst_ncc,1989.083333,9.0394,,,,,,,,
1989,2,sst_ncc,1989.166667,8.0908,,,,,,,,
1989,3,sst_ncc,1989.25,8.6922,,,,,,,,
1989,4,sst_ncc,1989.333333,10.501,,,,,,,,
1989,5,sst_ncc,1989.416667,12.365,,,,,,,,
1989,6,sst_ncc,1989.5,13.158,,,,,,,,
1989,7,sst_ncc,1989.583333,14.952,,,,,,,,
1989,8,sst_ncc,1989.666667,15.237,,,,,,,,
1989,9,sst_ncc,1989.75,13.861,,,,,,,,
1989,10,sst_ncc,1989.833333,12.808,,,,,,,,
1989,11,sst_ncc,1989.916667,11.756,,,,,,,,
1989,12,sst_ncc,1990,10.881,,,,,,,,
1990,1,sst_ncc,1990.083333,9.8441,,,,,,,,
1990,2,sst_ncc,1990.166667,9.0166,,,,,,,,
1990,3,sst_ncc,1990.25,9.4705,,,,,,,,
1990,4,sst_ncc,1990.333333,10.491,,,,,,,,
1990,5,sst_ncc,1990.416667,11.313,,,,,,,,
1990,6,sst_ncc,1990.5,13.648,,,,,,,,
1990,7,sst_ncc,1990.583333,14.769,,,,,,,,
1990,8,sst_ncc,1990.666667,14.972,,,,,,,,
1990,9,sst_ncc,1990.75,16.364,,,,,,,,
1990,10,sst_ncc,1990.833333,13.697,,,,,,,,
1990,11,sst_ncc,1990.916667,12.637,,,,,,,,
1990,12,sst_ncc,1991,10.218,,,,,,,,
1991,1,sst_ncc,1991.083333,8.7915,,,,,,,,
1991,2,sst_ncc,1991.166667,9.1654,,,,,,,,
1991,3,sst_ncc,1991.25,9.4193,,,,,,,,
1991,4,sst_ncc,1991.333333,9.7554,,,,,,,,
1991,5,sst_ncc,1991.416667,10.699,,,,,,,,
1991,6,sst_ncc,1991.5,12.043,,,,,,,,
1991,7,sst_ncc,1991.583333,13.289,,,,,,,,
1991,8,sst_ncc,1991.666667,14.554,,,,,,,,
1991,9,sst_ncc,1991.75,14.887,,,,,,,,
1991,10,sst_ncc,1991.833333,13.021,,,,,,,,
1991,11,sst_ncc,1991.916667,11.696,,,,,,,,
1991,12,sst_ncc,1992,10.314,,,,,,,,
1992,1,sst_ncc,1992.083333,10.237,,,,,,,,
1992,2,sst_ncc,1992.166667,10.839,,,,,,,,
1992,3,sst_ncc,1992.25,11.584,,,,,,,,
1992,4,sst_ncc,1992.333333,12.295,,,,,,,,
1992,5,sst_ncc,1992.416667,13.358,,,,,,,,
1992,6,sst_ncc,1992.5,14.067,,,,,,,,
1992,7,sst_ncc,1992.583333,15.461,,,,,,,,
1992,8,sst_ncc,1992.666667,14.914,,,,,,,,
1992,9,sst_ncc,1992.75,13.921,,,,,,,,
1992,10,sst_ncc,1992.833333,13.335,,,,,,,,
1992,11,sst_ncc,1992.916667,12.484,,,,,,,,
1992,12,sst_ncc,1993,10.729,,,,,,,,
1993,1,sst_ncc,1993.083333,9.785,,,,,,,,
1993,2,sst_ncc,1993.166667,10.043,,,,,,,,
1993,3,sst_ncc,1993.25,10.261,,,,,,,,
1993,4,sst_ncc,1993.333333,10.722,,,,,,,,
1993,5,sst_ncc,1993.416667,12.557,,,,,,,,
1993,6,sst_ncc,1993.5,14.831,,,,,,,,
1993,7,sst_ncc,1993.583333,14.987,,,,,,,,
1993,8,sst_ncc,1993.666667,15.417,,,,,,,,
1993,9,sst_ncc,1993.75,13.853,,,,,,,,
1993,10,sst_ncc,1993.833333,13.319,,,,,,,,
1993,11,sst_ncc,1993.916667,11.276,,,,,,,,
1993,12,sst_ncc,1994,10.228,,,,,,,,
1994,1,sst_ncc,1994.083333,10.618,,,,,,,,
1994,2,sst_ncc,1994.166667,10.096,,,,,,,,
1994,3,sst_ncc,1994.25,10.498,,,,,,,,
1994,4,sst_ncc,1994.333333,10.806,,,,,,,,
1994,5,sst_ncc,1994.416667,12.702,,,,,,,,
1994,6,sst_ncc,1994.5,14.282,,,,,,,,
1994,7,sst_ncc,1994.583333,13.628,,,,,,,,
1994,8,sst_ncc,1994.666667,17.046,,,,,,,,
1994,9,sst_ncc,1994.75,16.263,,,,,,,,
1994,10,sst_ncc,1994.833333,13.687,,,,,,,,
1994,11,sst_ncc,1994.916667,11.211,,,,,,,,
1994,12,sst_ncc,1995,9.9183,,,,,,,,
1995,1,sst_ncc,1995.083333,10.152,,,,,,,,
1995,2,sst_ncc,1995.166667,10.224,,,,,,,,
1995,3,sst_ncc,1995.25,10.724,,,,,,,,
1995,4,sst_ncc,1995.333333,11.073,,,,,,,,
1995,5,sst_ncc,1995.416667,12.012,,,,,,,,
1995,6,sst_ncc,1995.5,13.19,,,,,,,,
1995,7,sst_ncc,1995.583333,15.643,,,,,,,,
1995,8,sst_ncc,1995.666667,15.735,,,,,,,,
1995,9,sst_ncc,1995.75,16.574,,,,,,,,
1995,10,sst_ncc,1995.833333,14.936,,,,,,,,
1995,11,sst_ncc,1995.916667,12.284,,,,,,,,
1995,12,sst_ncc,1996,12.128,,,,,,,,
1996,1,sst_ncc,1996.083333,11.487,,,,,,,,
1996,2,sst_ncc,1996.166667,11.115,,,,,,,,
1996,3,sst_ncc,1996.25,11.07,,,,,,,,
1996,4,sst_ncc,1996.333333,11.144,,,,,,,,
1996,5,sst_ncc,1996.416667,12.27,,,,,,,,
1996,6,sst_ncc,1996.5,13.645,,,,,,,,
1996,7,sst_ncc,1996.583333,13.81,,,,,,,,
1996,8,sst_ncc,1996.666667,14.405,,,,,,,,
1996,9,sst_ncc,1996.75,14.896,,,,,,,,
1996,10,sst_ncc,1996.833333,13.475,,,,,,,,
1996,11,sst_ncc,1996.916667,11.868,,,,,,,,
1996,12,sst_ncc,1997,10.552,,,,,,,,
1997,1,sst_ncc,1997.083333,10.416,,,,,,,,
1997,2,sst_ncc,1997.166667,10.388,,,,,,,,
1997,3,sst_ncc,1997.25,10.044,,,,,,,,
1997,4,sst_ncc,1997.333333,10.682,,,,,,,,
1997,5,sst_ncc,1997.416667,13.339,,,,,,,,
1997,6,sst_ncc,1997.5,15.577,,,,,,,,
1997,7,sst_ncc,1997.583333,16.238,,,,,,,,
1997,8,sst_ncc,1997.666667,17.011,,,,,,,,
1997,9,sst_ncc,1997.75,18.151,,,,,,,,
1997,10,sst_ncc,1997.833333,14.679,,,,,,,,
1997,11,sst_ncc,1997.916667,13.379,,,,,,,,
1997,12,sst_ncc,1998,12.592,,,,,,,,
1998,1,sst_ncc,1998.083333,11.916,,,,,,,,
1998,2,sst_ncc,1998.166667,11.52,,,,,,,,
1998,3,sst_ncc,1998.25,11.406,,,,,,,,
1998,4,sst_ncc,1998.333333,11.199,,,,,,,,
1998,5,sst_ncc,1998.416667,12.736,,,,,,,,
1998,6,sst_ncc,1998.5,13.501,,,,,,,,
1998,7,sst_ncc,1998.583333,14.585,,,,,,,,
1998,8,sst_ncc,1998.666667,15.278,,,,,,,,
1998,9,sst_ncc,1998.75,14.576,,,,,,,,
1998,10,sst_ncc,1998.833333,13.715,,,,,,,,
1998,11,sst_ncc,1998.916667,12.364,,,,,,,,
1998,12,sst_ncc,1999,10.462,,,,,,,,
1999,1,sst_ncc,1999.083333,9.6495,,,,,,,,
1999,2,sst_ncc,1999.166667,9.1672,,,,,,,,
1999,3,sst_ncc,1999.25,9.0756,,,,,,,,
1999,4,sst_ncc,1999.333333,9.7204,,,,,,,,
1999,5,sst_ncc,1999.416667,10.983,,,,,,,,
1999,6,sst_ncc,1999.5,12.81,,,,,,,,
1999,7,sst_ncc,1999.583333,14.187,,,,,,,,
1999,8,sst_ncc,1999.666667,15.671,,,,,,,,
1999,9,sst_ncc,1999.75,13.901,,,,,,,,
1999,10,sst_ncc,1999.833333,12.332,,,,,,,,
1999,11,sst_ncc,1999.916667,11.745,,,,,,,,
1999,12,sst_ncc,2000,10.868,,,,,,,,
2000,1,sst_ncc,2000.083333,10.037,,,,,,,,
2000,2,sst_ncc,2000.166667,10.143,,,,,,,,
2000,3,sst_ncc,2000.25,10.002,,,,,,,,
2000,4,sst_ncc,2000.333333,10.756,,,,,,,,
2000,5,sst_ncc,2000.416667,12.178,,,,,,,,
2000,6,sst_ncc,2000.5,13.046,,,,,,,,
2000,7,sst_ncc,2000.583333,13.783,,,,,,,,
2000,8,sst_ncc,2000.666667,14.68,,,,,,,,
2000,9,sst_ncc,2000.75,14.488,,,,,,,,
2000,10,sst_ncc,2000.833333,12.946,,,,,,,,
2000,11,sst_ncc,2000.916667,11.299,,,,,,,,
2000,12,sst_ncc,2001,10.359,,,,,,,,
2001,1,sst_ncc,2001.083333,9.9449,,,,,,,,
2001,2,sst_ncc,2001.166667,9.6018,,,,,,,,
2001,3,sst_ncc,2001.25,9.6801,,,,,,,,
2001,4,sst_ncc,2001.333333,9.8643,,,,,,,,
2001,5,sst_ncc,2001.416667,11.027,,,,,,,,
2001,6,sst_ncc,2001.5,13.004,,,,,,,,
2001,7,sst_ncc,2001.583333,13.175,,,,,,,,
2001,8,sst_ncc,2001.666667,14.44,,,,,,,,
2001,9,sst_ncc,2001.75,13.906,,,,,,,,
2001,10,sst_ncc,2001.833333,12.304,,,,,,,,
2001,11,sst_ncc,2001.916667,11.503,,,,,,,,
2001,12,sst_ncc,2002,10.284,,,,,,,,
2002,1,sst_ncc,2002.083333,9.9367,,,,,,,,
2002,2,sst_ncc,2002.166667,9.4667,,,,,,,,
2002,3,sst_ncc,2002.25,9.1751,,,,,,,,
2002,4,sst_ncc,2002.333333,9.7726,,,,,,,,
2002,5,sst_ncc,2002.416667,10.658,,,,,,,,
2002,6,sst_ncc,2002.5,12.885,,,,,,,,
2002,7,sst_ncc,2002.583333,14.348,,,,,,,,
2002,8,sst_ncc,2002.666667,13.077,,,,,,,,
2002,9,sst_ncc,2002.75,13.735,,,,,,,,
2002,10,sst_ncc,2002.833333,11.535,,,,,,,,
2002,11,sst_ncc,2002.916667,11.993,,,,,,,,
2002,12,sst_ncc,2003,11.748,,,,,,,,
2003,1,sst_ncc,2003.083333,11.161,,,,,,,,
2003,2,sst_ncc,2003.166667,10.749,,,,,,,,
2003,3,sst_ncc,2003.25,10.515,,,,,,,,
2003,4,sst_ncc,2003.333333,10.794,,,,,,,,
2003,5,sst_ncc,2003.416667,12.27,,,,,,,,
2003,6,sst_ncc,2003.5,13.186,,,,,,,,
2003,7,sst_ncc,2003.583333,14.34,,,,,,,,
2003,8,sst_ncc,2003.666667,15.516,,,,,,,,
2003,9,sst_ncc,2003.75,14.174,,,,,,,,
2003,10,sst_ncc,2003.833333,14.016,,,,,,,,
2003,11,sst_ncc,2003.916667,12.127,,,,,,,,
2003,12,sst_ncc,2004,11.012,,,,,,,,
2004,1,sst_ncc,2004.083333,10.195,,,,,,,,
2004,2,sst_ncc,2004.166667,10.227,,,,,,,,
2004,3,sst_ncc,2004.25,10.228,,,,,,,,
2004,4,sst_ncc,2004.333333,11.195,,,,,,,,
2004,5,sst_ncc,2004.416667,13.398,,,,,,,,
2004,6,sst_ncc,2004.5,14.304,,,,,,,,
2004,7,sst_ncc,2004.583333,15.049,,,,,,,,
2004,8,sst_ncc,2004.666667,15.427,,,,,,,,
2004,9,sst_ncc,2004.75,15.756,,,,,,,,
2004,10,sst_ncc,2004.833333,13.966,,,,,,,,
2004,11,sst_ncc,2004.916667,11.464,,,,,,,,
2004,12,sst_ncc,2005,10.392,,,,,,,,
2005,1,sst_ncc,2005.083333,10.038,,,,,,,,
2005,2,sst_ncc,2005.166667,10.37,,,,,,,,
2005,3,sst_ncc,2005.25,10.805,,,,,,,,
2005,4,sst_ncc,2005.333333,11.008,,,,,,,,
2005,5,sst_ncc,2005.416667,12.779,,,,,,,,
2005,6,sst_ncc,2005.5,14.256,,,,,,,,
2005,7,sst_ncc,2005.583333,14.654,,,,,,,,
2005,8,sst_ncc,2005.666667,13.076,,,,,,,,
2005,9,sst_ncc,2005.75,13.392,,,,,,,,
2005,10,sst_ncc,2005.833333,12.841,,,,,,,,
2005,11,sst_ncc,2005.916667,11.939,,,,,,,,
2005,12,sst_ncc,2006,10.298,,,,,,,,
2006,1,sst_ncc,2006.083333,10.849,,,,,,,,
2006,2,sst_ncc,2006.166667,10.241,,,,,,,,
2006,3,sst_ncc,2006.25,9.8214,,,,,,,,
2006,4,sst_ncc,2006.333333,10.566,,,,,,,,
2006,5,sst_ncc,2006.416667,11.562,,,,,,,,
2006,6,sst_ncc,2006.5,13.499,,,,,,,,
2006,7,sst_ncc,2006.583333,13.902,,,,,,,,
2006,8,sst_ncc,2006.666667,12.879,,,,,,,,
2006,9,sst_ncc,2006.75,13.128,,,,,,,,
2006,10,sst_ncc,2006.833333,12.303,,,,,,,,
2006,11,sst_ncc,2006.916667,11.439,,,,,,,,
2006,12,sst_ncc,2007,10.448,,,,,,,,
2007,1,sst_ncc,2007.083333,9.5758,,,,,,,,
2007,2,sst_ncc,2007.166667,9.3278,,,,,,,,
2007,3,sst_ncc,2007.25,9.4508,,,,,,,,
2007,4,sst_ncc,2007.333333,10.117,,,,,,,,
2007,5,sst_ncc,2007.416667,10.85,,,,,,,,
2007,6,sst_ncc,2007.5,12.897,,,,,,,,
2007,7,sst_ncc,2007.583333,15.538,,,,,,,,
2007,8,sst_ncc,2007.666667,15.854,,,,,,,,
2007,9,sst_ncc,2007.75,14.269,,,,,,,,
2007,10,sst_ncc,2007.833333,12.688,,,,,,,,
2007,11,sst_ncc,2007.916667,11,,,,,,,,
2007,12,sst_ncc,2008,9.402,,,,,,,,
2008,1,sst_ncc,2008.083333,8.7987,,,,,,,,
2008,2,sst_ncc,2008.166667,8.5022,,,,,,,,
2008,3,sst_ncc,2008.25,8.7713,,,,,,,,
2008,4,sst_ncc,2008.333333,9.0949,,,,,,,,
2008,5,sst_ncc,2008.416667,10.426,,,,,,,,
2008,6,sst_ncc,2008.5,11.66,,,,,,,,
2008,7,sst_ncc,2008.583333,12.652,,,,,,,,
2008,8,sst_ncc,2008.666667,14.175,,,,,,,,
2008,9,sst_ncc,2008.75,13.312,,,,,,,,
2008,10,sst_ncc,2008.833333,12.894,,,,,,,,
2008,11,sst_ncc,2008.916667,11.829,,,,,,,,
2008,12,sst_ncc,2009,10.176,,,,,,,,
2009,1,sst_ncc,2009.083333,8.9855,,,,,,,,
2009,2,sst_ncc,2009.166667,8.6675,,,,,,,,
2009,3,sst_ncc,2009.25,8.8741,,,,,,,,
2009,4,sst_ncc,2009.333333,9.3455,,,,,,,,
2009,5,sst_ncc,2009.416667,10.599,,,,,,,,
2009,6,sst_ncc,2009.5,13.298,,,,,,,,
2009,7,sst_ncc,2009.583333,13.364,,,,,,,,
2009,8,sst_ncc,2009.666667,14.399,,,,,,,,
2009,9,sst_ncc,2009.75,15.315,,,,,,,,
2009,10,sst_ncc,2009.833333,12.893,,,,,,,,
2009,11,sst_ncc,2009.916667,12.046,,,,,,,,
2009,12,sst_ncc,2010,9.9872,,,,,,,,
2010,1,sst_ncc,2010.083333,10.071,,,,,,,,
2010,2,sst_ncc,2010.166667,10.498,,,,,,,,
2010,3,sst_ncc,2010.25,10.481,,,,,,,,
2010,4,sst_ncc,2010.333333,10.386,,,,,,,,
2010,5,sst_ncc,2010.416667,11.271,,,,,,,,
2010,6,sst_ncc,2010.5,12.577,,,,,,,,
2010,7,sst_ncc,2010.583333,12.4,,,,,,,,
2010,8,sst_ncc,2010.666667,12.702,,,,,,,,
2010,9,sst_ncc,2010.75,13.413,,,,,,,,
2010,10,sst_ncc,2010.833333,13.244,,,,,,,,
2010,11,sst_ncc,2010.916667,11.641,,,,,,,,
2010,12,sst_ncc,2011,10.55,,,,,,,,
2011,1,sst_ncc,2011.083333,9.8801,,,,,,,,
2011,2,sst_ncc,2011.166667,9.5132,,,,,,,,
2011,3,sst_ncc,2011.25,9.4761,,,,,,,,
2011,4,sst_ncc,2011.333333,9.8063,,,,,,,,
2011,5,sst_ncc,2011.416667,11.318,,,,,,,,
2011,6,sst_ncc,2011.5,13.147,,,,,,,,
2011,7,sst_ncc,2011.583333,13.991,,,,,,,,
2011,8,sst_ncc,2011.666667,14.405,,,,,,,,
2011,9,sst_ncc,2011.75,14.216,,,,,,,,
2011,10,sst_ncc,2011.833333,13.991,,,,,,,,
2011,11,sst_ncc,2011.916667,11.642,,,,,,,,
2011,12,sst_ncc,2012,9.6455,,,,,,,,
2012,1,sst_ncc,2012.083333,9.2604,,,,,,,,
2012,2,sst_ncc,2012.166667,9.1424,,,,,,,,
2012,3,sst_ncc,2012.25,8.7711,,,,,,,,
2012,4,sst_ncc,2012.333333,10.049,,,,,,,,
2012,5,sst_ncc,2012.416667,11.068,,,,,,,,
2012,6,sst_ncc,2012.5,13.032,,,,,,,,
2012,7,sst_ncc,2012.583333,14.04,,,,,,,,
2012,8,sst_ncc,2012.666667,14.203,,,,,,,,
2012,9,sst_ncc,2012.75,13.629,,,,,,,,
2012,10,sst_ncc,2012.833333,12.247,,,,,,,,
2012,11,sst_ncc,2012.916667,12.212,,,,,,,,
2012,12,sst_ncc,2013,11.176,,,,,,,,
2013,1,sst_ncc,2013.083333,9.8431,,,,,,,,
2013,2,sst_ncc,2013.166667,9.2061,,,,,,,,
2013,3,sst_ncc,2013.25,9.167,,,,,,,,
2013,4,sst_ncc,2013.333333,10.087,,,,,,,,
2013,5,sst_ncc,2013.416667,11.651,,,,,,,,
2013,6,sst_ncc,2013.5,13.708,,,,,,,,
2013,7,sst_ncc,2013.583333,13.794,,,,,,,,
2013,8,sst_ncc,2013.666667,14.451,,,,,,,,
2013,9,sst_ncc,2013.75,16.179,,,,,,,,
2013,10,sst_ncc,2013.833333,13.725,,,,,,,,
2013,11,sst_ncc,2013.916667,11.567,,,,,,,,
2013,12,sst_ncc,2014,9.5784,,,,,,,,
2014,1,sst_ncc,2014.083333,9.5223,,,,,,,,
2014,2,sst_ncc,2014.166667,9.4618,,,,,,,,
2014,3,sst_ncc,2014.25,10.258,,,,,,,,
2014,4,sst_ncc,2014.333333,10.839,,,,,,,,
2014,5,sst_ncc,2014.416667,13.073,,,,,,,,
2014,6,sst_ncc,2014.5,13.248,,,,,,,,
2014,7,sst_ncc,2014.583333,14.756,,,,,,,,
2014,8,sst_ncc,2014.666667,14.927,,,,,,,,
2014,9,sst_ncc,2014.75,15.519,,,,,,,,
2014,10,sst_ncc,2014.833333,15.602,,,,,,,,
2014,11,sst_ncc,2014.916667,13.961,,,,,,,,
2014,12,sst_ncc,2015,12.942,,,,,,,,
2015,1,sst_ncc,2015.083333,12.215,,,,,,,,
2015,2,sst_ncc,2015.166667,12.106,,,,,,,,
2015,3,sst_ncc,2015.25,11.81,,,,,,,,
2015,4,sst_ncc,2015.333333,11.827,,,,,,,,
2015,5,sst_ncc,2015.416667,12.082,,,,,,,,
2015,6,sst_ncc,2015.5,12.923,,,,,,,,
2015,7,sst_ncc,2015.583333,15.576,,,,,,,,
2015,8,sst_ncc,2015.666667,15.828,,,,,,,,
2015,9,sst_ncc,2015.75,15.459,,,,,,,,
2015,10,sst_ncc,2015.833333,14.659,,,,,,,,
2015,11,sst_ncc,2015.916667,13.282,,,,,,,,
2015,12,sst_ncc,2016,11.796,,,,,,,,
2016,1,sst_ncc,2016.083333,11.144,,,,,,,,
2016,2,sst_ncc,2016.166667,11.234,,,,,,,,
2016,3,sst_ncc,2016.25,11.222,,,,,,,,
2016,4,sst_ncc,2016.333333,12.358,,,,,,,,
2016,5,sst_ncc,2016.416667,12.878,,,,,,,,
2016,6,sst_ncc,2016.5,14.319,,,,,,,,
2016,7,sst_ncc,2016.583333,14.707,,,,,,,,
2016,8,sst_ncc,2016.666667,13.929,,,,,,,,
2016,9,sst_ncc,2016.75,14.557,,,,,,,,
2016,10,sst_ncc,2016.833333,13.818,,,,,,,,
2016,11,sst_ncc,2016.916667,13.91,,,,,,,,
2016,12,sst_ncc,2017,11.912,,,,,,,,
2017,1,sst_ncc,2017.083333,10.343,,,,,,,,
2017,2,sst_ncc,2017.166667,10.316,,,,,,,,
2017,3,sst_ncc,2017.25,10.292,,,,,,,,
2017,4,sst_ncc,2017.333333,10.827,,,,,,,,
2017,5,sst_ncc,2017.416667,12.151,,,,,,,,
2017,6,sst_ncc,2017.5,13.779,,,,,,,,
2017,7,sst_ncc,2017.583333,13.871,,,,,,,,
2017,8,sst_ncc,2017.666667,14.435,,,,,,,,
2017,9,sst_ncc,2017.75,14.651,,,,,,,,
2017,10,sst_ncc,2017.833333,13.43,,,,,,,,
2017,11,sst_ncc,2017.916667,12.179,,,,,,,,
2017,12,sst_ncc,2018,11.303,,,,,,,,
2018,1,sst_ncc,2018.083333,10.922,,,,,,,,
2018,2,sst_ncc,2018.166667,10.3,,,,,,,,
2018,3,sst_ncc,2018.25,9.8439,,,,,,,,
2018,4,sst_ncc,2018.333333,10.604,,,,,,,,
2018,5,sst_ncc,2018.416667,12.384,,,,,,,,
2018,6,sst_ncc,2018.5,13.932,,,,,,,,
2018,7,sst_ncc,2018.583333,13.935,,,,,,,,
2018,8,sst_ncc,2018.666667,14.573,,,,,,,,
2018,9,sst_ncc,2018.75,14.296,,,,,,,,
2018,10,sst_ncc,2018.833333,13.442,,,,,,,,
2018,11,sst_ncc,2018.916667,12.575,,,,,,,,
2018,12,sst_ncc,2019,11.564,,,,,,,,
2019,1,sst_ncc,2019.083333,11.214,,,,,,,,
2019,2,sst_ncc,2019.166667,10.545,,,,,,,,
2019,3,sst_ncc,2019.25,10.178,,,,,,,,
2019,4,sst_ncc,2019.333333,11.102,,,,,,,,
2019,5,sst_ncc,2019.416667,11.914,,,,,,,,
2019,6,sst_ncc,2019.5,12.266,,,,,,,,
2019,7,sst_ncc,2019.583333,15.512,,,,,,,,
